Workbook

Sheet Vendor_A
A1: Part_ID | B1: Part_Name | C1: Unit_Price
A2: P001 | B2: Stepper motor NEMA 17 | C2: 24.5
A3: P002 | B3: Main PCB rev C | C3: 18
A4: P003 | B4: M3x12 screw (100 pk) | C4: 4.2
A5: P004 | B5: Aluminum bracket | C5: 6.75
A6: P005 | B6: Power cable 1m | C6: 3.1

Sheet Vendor_B
A1: Part_ID | B1: Part_Name | C1: Unit_Price
A2: P001 | B2: Stepper motor NEMA 17 | C2: 22.9
A3: P002 | B3: Main PCB rev C | C3: 19.5
A4: P006 | B4: Timing belt GT2 1m | C4: 7.4
A5: P007 | B5: Idler pulley | C5: 2.15
A6: P008 | B6: Rubber feet (set) | C6: 1.8

Sheet Vendor_C
A1: Part_ID | B1: Part_Name | C1: Unit_Price
A2: P001 | B2: Stepper motor NEMA 17 | C2: 26
A3: P003 | B3: M3x12 screw (100 pk) | C3: 3.95
A4: P009 | B4: USB-C breakout | C4: 5.5
A5: P010 | B5: Heat-set inserts M3 (50) | C5: 8.25
A6: P011 | B6: Acrylic panel 3mm | C6: 12

Sheet Product_BOM
A1: Part_ID | B1: Part_Name | C1: Vendor | D1: Qty_Per_Product | E1: Total_Qty | F1: Unit_Price | G1: Total_Cost | I1: Units_to_build | K1: Set Units_to_build in I2. Add BOM lines inside the table only. Pick vendor in column C; unit price pulls from that vendor sheet by Part_ID.
A2: P001 | B2: =IF($A2="","",IF($C2="Vendor_A",IFERROR(VLOOKUP($A2,Vendor_A!$A:$C,2,FALSE),"-- not on vendor --"),IF($C2="Vendor_B",IFERROR(VLOOKUP($A2,Vendor_B!$A:$C,2,FALSE),"-- not on vendor --"),IF($C2="Vendor_C",IFERROR(VLOOKUP($A2,Vendor_C!$A:$C,2,FALSE),"-- not on vendor --"),"-- not on vendor --")))) | C2: Vendor_A | D2: 2 | E2: =IF($A2="","",$D2*$I$2) | F2: =IF($A2="","",IF($C2="Vendor_A",IFERROR(VLOOKUP($A2,Vendor_A!$A:$C,3,FALSE),""),IF($C2="Vendor_B",IFERROR(VLOOKUP($A2,Vendor_B!$A:$C,3,FALSE),""),IF($C2="Vendor_C",IFERROR(VLOOKUP($A2,Vendor_C!$A:$C,3,FALSE),""),"")))) | G2: =IF($A2="","",IF($F2="","",$E2*$F2)) | I2: 1
A3: P002 | B3: =IF($A3="","",IF($C3="Vendor_A",IFERROR(VLOOKUP($A3,Vendor_A!$A:$C,2,FALSE),"-- not on vendor --"),IF($C3="Vendor_B",IFERROR(VLOOKUP($A3,Vendor_B!$A:$C,2,FALSE),"-- not on vendor --"),IF($C3="Vendor_C",IFERROR(VLOOKUP($A3,Vendor_C!$A:$C,2,FALSE),"-- not on vendor --"),"-- not on vendor --")))) | C3: Vendor_B | D3: 1 | E3: =IF($A3="","",$D3*$I$2) | F3: =IF($A3="","",IF($C3="Vendor_A",IFERROR(VLOOKUP($A3,Vendor_A!$A:$C,3,FALSE),""),IF($C3="Vendor_B",IFERROR(VLOOKUP($A3,Vendor_B!$A:$C,3,FALSE),""),IF($C3="Vendor_C",IFERROR(VLOOKUP($A3,Vendor_C!$A:$C,3,FALSE),""),"")))) | G3: =IF($A3="","",IF($F3="","",$E3*$F3))
A4: P003 | B4: =IF($A4="","",IF($C4="Vendor_A",IFERROR(VLOOKUP($A4,Vendor_A!$A:$C,2,FALSE),"-- not on vendor --"),IF($C4="Vendor_B",IFERROR(VLOOKUP($A4,Vendor_B!$A:$C,2,FALSE),"-- not on vendor --"),IF($C4="Vendor_C",IFERROR(VLOOKUP($A4,Vendor_C!$A:$C,2,FALSE),"-- not on vendor --"),"-- not on vendor --")))) | C4: Vendor_C | D4: 4 | E4: =IF($A4="","",$D4*$I$2) | F4: =IF($A4="","",IF($C4="Vendor_A",IFERROR(VLOOKUP($A4,Vendor_A!$A:$C,3,FALSE),""),IF($C4="Vendor_B",IFERROR(VLOOKUP($A4,Vendor_B!$A:$C,3,FALSE),""),IF($C4="Vendor_C",IFERROR(VLOOKUP($A4,Vendor_C!$A:$C,3,FALSE),""),"")))) | G4: =IF($A4="","",IF($F4="","",$E4*$F4))
A5: P006 | B5: =IF($A5="","",IF($C5="Vendor_A",IFERROR(VLOOKUP($A5,Vendor_A!$A:$C,2,FALSE),"-- not on vendor --"),IF($C5="Vendor_B",IFERROR(VLOOKUP($A5,Vendor_B!$A:$C,2,FALSE),"-- not on vendor --"),IF($C5="Vendor_C",IFERROR(VLOOKUP($A5,Vendor_C!$A:$C,2,FALSE),"-- not on vendor --"),"-- not on vendor --")))) | C5: Vendor_B | D5: 1 | E5: =IF($A5="","",$D5*$I$2) | F5: =IF($A5="","",IF($C5="Vendor_A",IFERROR(VLOOKUP($A5,Vendor_A!$A:$C,3,FALSE),""),IF($C5="Vendor_B",IFERROR(VLOOKUP($A5,Vendor_B!$A:$C,3,FALSE),""),IF($C5="Vendor_C",IFERROR(VLOOKUP($A5,Vendor_C!$A:$C,3,FALSE),""),"")))) | G5: =IF($A5="","",IF($F5="","",$E5*$F5))
B6: =IF($A6="","",IF($C6="Vendor_A",IFERROR(VLOOKUP($A6,Vendor_A!$A:$C,2,FALSE),"-- not on vendor --"),IF($C6="Vendor_B",IFERROR(VLOOKUP($A6,Vendor_B!$A:$C,2,FALSE),"-- not on vendor --"),IF($C6="Vendor_C",IFERROR(VLOOKUP($A6,Vendor_C!$A:$C,2,FALSE),"-- not on vendor --"),"-- not on vendor --")))) | E6: =IF($A6="","",$D6*$I$2) | F6: =IF($A6="","",IF($C6="Vendor_A",IFERROR(VLOOKUP($A6,Vendor_A!$A:$C,3,FALSE),""),IF($C6="Vendor_B",IFERROR(VLOOKUP($A6,Vendor_B!$A:$C,3,FALSE),""),IF($C6="Vendor_C",IFERROR(VLOOKUP($A6,Vendor_C!$A:$C,3,FALSE),""),"")))) | G6: =IF($A6="","",IF($F6="","",$E6*$F6))
B7: =IF($A7="","",IF($C7="Vendor_A",IFERROR(VLOOKUP($A7,Vendor_A!$A:$C,2,FALSE),"-- not on vendor --"),IF($C7="Vendor_B",IFERROR(VLOOKUP($A7,Vendor_B!$A:$C,2,FALSE),"-- not on vendor --"),IF($C7="Vendor_C",IFERROR(VLOOKUP($A7,Vendor_C!$A:$C,2,FALSE),"-- not on vendor --"),"-- not on vendor --")))) | E7: =IF($A7="","",$D7*$I$2) | F7: =IF($A7="","",IF($C7="Vendor_A",IFERROR(VLOOKUP($A7,Vendor_A!$A:$C,3,FALSE),""),IF($C7="Vendor_B",IFERROR(VLOOKUP($A7,Vendor_B!$A:$C,3,FALSE),""),IF($C7="Vendor_C",IFERROR(VLOOKUP($A7,Vendor_C!$A:$C,3,FALSE),""),"")))) | G7: =IF($A7="","",IF($F7="","",$E7*$F7))
B8: =IF($A8="","",IF($C8="Vendor_A",IFERROR(VLOOKUP($A8,Vendor_A!$A:$C,2,FALSE),"-- not on vendor --"),IF($C8="Vendor_B",IFERROR(VLOOKUP($A8,Vendor_B!$A:$C,2,FALSE),"-- not on vendor --"),IF($C8="Vendor_C",IFERROR(VLOOKUP($A8,Vendor_C!$A:$C,2,FALSE),"-- not on vendor --"),"-- not on vendor --")))) | E8: =IF($A8="","",$D8*$I$2) | F8: =IF($A8="","",IF($C8="Vendor_A",IFERROR(VLOOKUP($A8,Vendor_A!$A:$C,3,FALSE),""),IF($C8="Vendor_B",IFERROR(VLOOKUP($A8,Vendor_B!$A:$C,3,FALSE),""),IF($C8="Vendor_C",IFERROR(VLOOKUP($A8,Vendor_C!$A:$C,3,FALSE),""),"")))) | G8: =IF($A8="","",IF($F8="","",$E8*$F8))
B9: =IF($A9="","",IF($C9="Vendor_A",IFERROR(VLOOKUP($A9,Vendor_A!$A:$C,2,FALSE),"-- not on vendor --"),IF($C9="Vendor_B",IFERROR(VLOOKUP($A9,Vendor_B!$A:$C,2,FALSE),"-- not on vendor --"),IF($C9="Vendor_C",IFERROR(VLOOKUP($A9,Vendor_C!$A:$C,2,FALSE),"-- not on vendor --"),"-- not on vendor --")))) | E9: =IF($A9="","",$D9*$I$2) | F9: =IF($A9="","",IF($C9="Vendor_A",IFERROR(VLOOKUP($A9,Vendor_A!$A:$C,3,FALSE),""),IF($C9="Vendor_B",IFERROR(VLOOKUP($A9,Vendor_B!$A:$C,3,FALSE),""),IF($C9="Vendor_C",IFERROR(VLOOKUP($A9,Vendor_C!$A:$C,3,FALSE),""),"")))) | G9: =IF($A9="","",IF($F9="","",$E9*$F9))
B10: =IF($A10="","",IF($C10="Vendor_A",IFERROR(VLOOKUP($A10,Vendor_A!$A:$C,2,FALSE),"-- not on vendor --"),IF($C10="Vendor_B",IFERROR(VLOOKUP($A10,Vendor_B!$A:$C,2,FALSE),"-- not on vendor --"),IF($C10="Vendor_C",IFERROR(VLOOKUP($A10,Vendor_C!$A:$C,2,FALSE),"-- not on vendor --"),"-- not on vendor --")))) | E10: =IF($A10="","",$D10*$I$2) | F10: =IF($A10="","",IF($C10="Vendor_A",IFERROR(VLOOKUP($A10,Vendor_A!$A:$C,3,FALSE),""),IF($C10="Vendor_B",IFERROR(VLOOKUP($A10,Vendor_B!$A:$C,3,FALSE),""),IF($C10="Vendor_C",IFERROR(VLOOKUP($A10,Vendor_C!$A:$C,3,FALSE),""),"")))) | G10: =IF($A10="","",IF($F10="","",$E10*$F10))
B11: =IF($A11="","",IF($C11="Vendor_A",IFERROR(VLOOKUP($A11,Vendor_A!$A:$C,2,FALSE),"-- not on vendor --"),IF($C11="Vendor_B",IFERROR(VLOOKUP($A11,Vendor_B!$A:$C,2,FALSE),"-- not on vendor --"),IF($C11="Vendor_C",IFERROR(VLOOKUP($A11,Vendor_C!$A:$C,2,FALSE),"-- not on vendor --"),"-- not on vendor --")))) | E11: =IF($A11="","",$D11*$I$2) | F11: =IF($A11="","",IF($C11="Vendor_A",IFERROR(VLOOKUP($A11,Vendor_A!$A:$C,3,FALSE),""),IF($C11="Vendor_B",IFERROR(VLOOKUP($A11,Vendor_B!$A:$C,3,FALSE),""),IF($C11="Vendor_C",IFERROR(VLOOKUP($A11,Vendor_C!$A:$C,3,FALSE),""),"")))) | G11: =IF($A11="","",IF($F11="","",$E11*$F11))
B12: =IF($A12="","",IF($C12="Vendor_A",IFERROR(VLOOKUP($A12,Vendor_A!$A:$C,2,FALSE),"-- not on vendor --"),IF($C12="Vendor_B",IFERROR(VLOOKUP($A12,Vendor_B!$A:$C,2,FALSE),"-- not on vendor --"),IF($C12="Vendor_C",IFERROR(VLOOKUP($A12,Vendor_C!$A:$C,2,FALSE),"-- not on vendor --"),"-- not on vendor --")))) | E12: =IF($A12="","",$D12*$I$2) | F12: =IF($A12="","",IF($C12="Vendor_A",IFERROR(VLOOKUP($A12,Vendor_A!$A:$C,3,FALSE),""),IF($C12="Vendor_B",IFERROR(VLOOKUP($A12,Vendor_B!$A:$C,3,FALSE),""),IF($C12="Vendor_C",IFERROR(VLOOKUP($A12,Vendor_C!$A:$C,3,FALSE),""),"")))) | G12: =IF($A12="","",IF($F12="","",$E12*$F12))
B13: =IF($A13="","",IF($C13="Vendor_A",IFERROR(VLOOKUP($A13,Vendor_A!$A:$C,2,FALSE),"-- not on vendor --"),IF($C13="Vendor_B",IFERROR(VLOOKUP($A13,Vendor_B!$A:$C,2,FALSE),"-- not on vendor --"),IF($C13="Vendor_C",IFERROR(VLOOKUP($A13,Vendor_C!$A:$C,2,FALSE),"-- not on vendor --"),"-- not on vendor --")))) | E13: =IF($A13="","",$D13*$I$2) | F13: =IF($A13="","",IF($C13="Vendor_A",IFERROR(VLOOKUP($A13,Vendor_A!$A:$C,3,FALSE),""),IF($C13="Vendor_B",IFERROR(VLOOKUP($A13,Vendor_B!$A:$C,3,FALSE),""),IF($C13="Vendor_C",IFERROR(VLOOKUP($A13,Vendor_C!$A:$C,3,FALSE),""),"")))) | G13: =IF($A13="","",IF($F13="","",$E13*$F13))
B14: =IF($A14="","",IF($C14="Vendor_A",IFERROR(VLOOKUP($A14,Vendor_A!$A:$C,2,FALSE),"-- not on vendor --"),IF($C14="Vendor_B",IFERROR(VLOOKUP($A14,Vendor_B!$A:$C,2,FALSE),"-- not on vendor --"),IF($C14="Vendor_C",IFERROR(VLOOKUP($A14,Vendor_C!$A:$C,2,FALSE),"-- not on vendor --"),"-- not on vendor --")))) | E14: =IF($A14="","",$D14*$I$2) | F14: =IF($A14="","",IF($C14="Vendor_A",IFERROR(VLOOKUP($A14,Vendor_A!$A:$C,3,FALSE),""),IF($C14="Vendor_B",IFERROR(VLOOKUP($A14,Vendor_B!$A:$C,3,FALSE),""),IF($C14="Vendor_C",IFERROR(VLOOKUP($A14,Vendor_C!$A:$C,3,FALSE),""),"")))) | G14: =IF($A14="","",IF($F14="","",$E14*$F14))
B15: =IF($A15="","",IF($C15="Vendor_A",IFERROR(VLOOKUP($A15,Vendor_A!$A:$C,2,FALSE),"-- not on vendor --"),IF($C15="Vendor_B",IFERROR(VLOOKUP($A15,Vendor_B!$A:$C,2,FALSE),"-- not on vendor --"),IF($C15="Vendor_C",IFERROR(VLOOKUP($A15,Vendor_C!$A:$C,2,FALSE),"-- not on vendor --"),"-- not on vendor --")))) | E15: =IF($A15="","",$D15*$I$2) | F15: =IF($A15="","",IF($C15="Vendor_A",IFERROR(VLOOKUP($A15,Vendor_A!$A:$C,3,FALSE),""),IF($C15="Vendor_B",IFERROR(VLOOKUP($A15,Vendor_B!$A:$C,3,FALSE),""),IF($C15="Vendor_C",IFERROR(VLOOKUP($A15,Vendor_C!$A:$C,3,FALSE),""),"")))) | G15: =IF($A15="","",IF($F15="","",$E15*$F15))
B16: =IF($A16="","",IF($C16="Vendor_A",IFERROR(VLOOKUP($A16,Vendor_A!$A:$C,2,FALSE),"-- not on vendor --"),IF($C16="Vendor_B",IFERROR(VLOOKUP($A16,Vendor_B!$A:$C,2,FALSE),"-- not on vendor --"),IF($C16="Vendor_C",IFERROR(VLOOKUP($A16,Vendor_C!$A:$C,2,FALSE),"-- not on vendor --"),"-- not on vendor --")))) | E16: =IF($A16="","",$D16*$I$2) | F16: =IF($A16="","",IF($C16="Vendor_A",IFERROR(VLOOKUP($A16,Vendor_A!$A:$C,3,FALSE),""),IF($C16="Vendor_B",IFERROR(VLOOKUP($A16,Vendor_B!$A:$C,3,FALSE),""),IF($C16="Vendor_C",IFERROR(VLOOKUP($A16,Vendor_C!$A:$C,3,FALSE),""),"")))) | G16: =IF($A16="","",IF($F16="","",$E16*$F16))
B17: =IF($A17="","",IF($C17="Vendor_A",IFERROR(VLOOKUP($A17,Vendor_A!$A:$C,2,FALSE),"-- not on vendor --"),IF($C17="Vendor_B",IFERROR(VLOOKUP($A17,Vendor_B!$A:$C,2,FALSE),"-- not on vendor --"),IF($C17="Vendor_C",IFERROR(VLOOKUP($A17,Vendor_C!$A:$C,2,FALSE),"-- not on vendor --"),"-- not on vendor --")))) | E17: =IF($A17="","",$D17*$I$2) | F17: =IF($A17="","",IF($C17="Vendor_A",IFERROR(VLOOKUP($A17,Vendor_A!$A:$C,3,FALSE),""),IF($C17="Vendor_B",IFERROR(VLOOKUP($A17,Vendor_B!$A:$C,3,FALSE),""),IF($C17="Vendor_C",IFERROR(VLOOKUP($A17,Vendor_C!$A:$C,3,FALSE),""),"")))) | G17: =IF($A17="","",IF($F17="","",$E17*$F17))
... B40: =IF($A40="","",IF($C40="Vendor_A",IFERROR(VLOOKUP($A40,Vendor_A!$A:$C,2,FALSE),"-- not on vendor --"),IF($C40="Vendor_B",IFERROR(VLOOKUP($A40,Vendor_B!$A:$C,2,FALSE),"-- not on vendor --"),IF($C40="Vendor_C",IFERROR(VLOOKUP($A40,Vendor_C!$A:$C,2,FALSE),"-- not on vendor --"),"-- not on vendor --")))) | E40: =IF($A40="","",$D40*$I$2) | F40: =IF($A40="","",IF($C40="Vendor_A",IFERROR(VLOOKUP($A40,Vendor_A!$A:$C,3,FALSE),""),IF($C40="Vendor_B",IFERROR(VLOOKUP($A40,Vendor_B!$A:$C,3,FALSE),""),IF($C40="Vendor_C",IFERROR(VLOOKUP($A40,Vendor_C!$A:$C,3,FALSE),""),"")))) | G40: =IF($A40="","",IF($F40="","",$E40*$F40))
